-- phpMyAdmin SQL Dump
-- version 5.2.1
-- https://www.phpmyadmin.net/
--
-- Εξυπηρετητής: 127.0.0.1
-- Χρόνος δημιουργίας: 06 Ιουν 2026 στις 23:09:26
-- Έκδοση διακομιστή: 10.4.32-MariaDB
-- Έκδοση PHP: 8.2.12

SET SQL_MODE = "NO_AUTO_VALUE_ON_ZERO";
START TRANSACTION;
SET time_zone = "+00:00";

SET SESSION sql_require_primary_key = 0;

/*!40101 SET @OLD_CHARACTER_SET_CLIENT=@@CHARACTER_SET_CLIENT */;
/*!40101 SET @OLD_CHARACTER_SET_RESULTS=@@CHARACTER_SET_RESULTS */;
/*!40101 SET @OLD_COLLATION_CONNECTION=@@COLLATION_CONNECTION */;
/*!40101 SET NAMES utf8mb4 */;

--
-- Βάση δεδομένων: `thesis`
--

-- --------------------------------------------------------

--
-- Δομή πίνακα για τον πίνακα `activities`
--

CREATE TABLE `activities` (
  `id` int(11) NOT NULL,
  `title` varchar(255) NOT NULL,
  `category` varchar(100) NOT NULL,
  `location` varchar(100) NOT NULL,
  `cost` decimal(10,2) NOT NULL,
  `description` text DEFAULT NULL,
  `tags` varchar(255) DEFAULT NULL,
  `image_url` varchar(255) DEFAULT NULL,
  `rating` float DEFAULT 0,
  `created_at` timestamp NOT NULL DEFAULT current_timestamp(),
  `outdoor` tinyint(1) DEFAULT 1,
  `ai_summary` text DEFAULT NULL,
  `intensity_level` enum('chill','moderate','extreme') DEFAULT 'moderate',
  `discount_info` longtext CHARACTER SET utf8mb4 COLLATE utf8mb4_bin DEFAULT NULL CHECK (json_valid(`discount_info`))
) ENGINE=InnoDB DEFAULT CHARSET=utf8mb4 COLLATE=utf8mb4_general_ci;

--
-- Άδειασμα δεδομένων του πίνακα `activities`
--

INSERT INTO `activities` (`id`, `title`, `category`, `location`, `cost`, `description`, `tags`, `image_url`, `rating`, `created_at`, `outdoor`, `ai_summary`, `intensity_level`, `discount_info`) VALUES
(1, 'Πεζοπορία στον Υμηττό', 'Φύση', 'Αθήνα', 0.00, 'Πρωινή πεζοπορία στα μονοπάτια του Υμηττού με πανοραμική θέα της Αθήνας. Ιδανικό για καθαρό αέρα.', 'βουνό, πεζοπορία, φύση, θέα, δωρεάν, άθληση', 'https://i.ibb.co/rGSg2FyV/960px-3.jpg', 0, '2025-12-27 12:18:37', 1, NULL, 'moderate', NULL),
(2, 'Πικνίκ στον Εθνικό Κήπο', 'Φύση', 'Αθήνα', 0.00, 'Χαλαρή βόλτα και πικνίκ στην καρδιά της πόλης. Ιδανικό για ζευγάρια και οικογένειες που θέλουν ηρεμία.', 'πάρκο, πικνίκ, οικογένεια, ηρεμία, ζευγάρια, κέντρο', 'https://i.ibb.co/rGLkwb94/960px-20140410-60-Athens-National-Gardens-13824726745-1.jpg', 0, '2025-12-27 12:18:37', 1, NULL, 'moderate', NULL),
(3, 'Βόλτα στην Πλάκα & Αναφιώτικα', 'Πολιτισμός', 'Αθήνα', 0.00, 'Ρομαντικός περίπατος στα γραφικά στενά της Πλάκας που θυμίζουν νησί. Ιδανικό για φωτογραφίες.', 'βόλτα, ρομαντικά, ιστορία, φωτογραφία, γραφικό', 'https://i.ibb.co/pBgMB9H6/960px-6166.jpg', 0, '2025-12-27 12:18:37', 1, NULL, 'moderate', NULL),
(4, 'Μουσείο Ακρόπολης', 'Πολιτισμός', 'Αθήνα', 15.00, 'Εξερεύνησε την ιστορία της αρχαίας Αθήνας σε ένα από τα καλύτερα μουσεία του κόσμου. Εστιατόριο με θέα.', 'ιστορία, μουσείο, τέχνη, πολιτισμός, θέα, εκπαίδευση', 'https://i.ibb.co/1tsKcTTV/960px-Acropolis-Museum-Interior-1.jpg', 0, '2025-12-27 12:18:37', 0, NULL, 'moderate', NULL),
(5, 'Λίμνη Βουλιαγμένης', 'Ευεξία', 'Αθήνα', 16.00, 'Ιαματική λίμνη σε ένα μοναδικό γεωλογικό φαινόμενο. Ιδανική για χαλάρωση και κολύμπι όλο τον χρόνο.', 'spa, φύση, κολύμπι, χαλάρωση, ζευγάρια', 'https://i.ibb.co/jvQr97F5/960px-Vouliagmenis-lake-2-1.jpg\n', 0, '2025-12-27 12:18:37', 1, NULL, 'moderate', NULL),
(6, 'ΚΠΙΣΝ (Σταύρος Νιάρχος)', 'Πολιτισμός', 'Αθήνα', 0.00, 'Βόλτα στο πάρκο, επίσκεψη στη Βιβλιοθήκη και τη Λυρική Σκηνή. Ιδανικό για ποδήλατο και περπάτημα.', 'δωρεάν, βόλτα, οικογένεια, τέχνη, πάρκο', 'https://images.unsplash.com/photo-1559579024-cd381bedd09c?auto=format&fit=crop&w=800&h=600&q=80', 0, '2025-12-27 12:18:37', 1, NULL, 'moderate', NULL),
(7, 'Allou! Fun Park', 'Διασκέδαση', 'Αθήνα', 25.00, 'Το μεγαλύτερο πάρκο ψυχαγωγίας στην Ελλάδα με παιχνίδια για όλες τις ηλικίες.', 'λούνα παρκ, αδρεναλίνη, παιδιά, διασκέδαση, τρόμος', 'https://images.unsplash.com/photo-1513889961551-628c1e5e2ee9?auto=format&fit=crop&w=800&h=600&q=80', 0, '2025-12-27 12:18:37', 1, NULL, 'moderate', NULL),
(8, 'Escape Room Sherlock', 'Διασκέδαση', 'Αθήνα', 18.00, 'Λύσε δύσκολους γρίφους και μυστήρια σε ένα ατμοσφαιρικό δωμάτιο απόδρασης.', 'escape room, γρίφοι, μυστήριο, παρέα, παιχνίδι', 'https://i.ibb.co/GfH0QKnN/pexels-macourt-media-1519726-6599771.jpg', 0, '2025-12-27 12:18:37', 0, NULL, 'moderate', '{\"day\": 3, \"amount\": 20, \"message\": \"VR & Escape Rooms: 20% έκπτωση κάθε Τετάρτη!\"}'),
(9, 'Outdoor Σινεμά Θησείο', 'Διασκέδαση', 'Αθήνα', 12.00, 'Ταινίες κάτω από τα αστέρια με θέα τη φωτισμένη Ακρόπολη. Απόλυτη καλοκαιρινή εμπειρία.', 'σινεμά, θερινό, ταινία, ρομαντικά, θέα, βράδυ', 'https://images.unsplash.com/photo-1599803654935-5b9d1c93578c?auto=format&fit=crop&w=800&h=600&q=80', 0, '2025-12-27 12:18:37', 1, NULL, 'moderate', NULL),
(10, 'Luxury Spa Day', 'Ευεξία', 'Αθήνα', 60.00, 'Πλήρες πακέτο μασάζ και υδροθεραπείας για απόλυτη χαλάρωση και αποτοξίνωση.', 'spa, μασάζ, χαλάρωση, ηρεμία, ακριβό, ευεξία', 'https://images.unsplash.com/photo-1719858511928-94db73c8de67?auto=format&fit=crop&w=800&h=600&q=80', 0, '2025-12-27 12:18:37', 1, NULL, 'moderate', NULL),
(11, 'Ηλιοβασίλεμα στο Κάστρο Πάτρας', 'Πολιτισμός', 'Πάτρα', 0.00, 'Ιστορική περιήγηση στο Κάστρο με την καλύτερη θέα της πόλης και της θάλασσας.', 'ιστορία, κάστρο, θέα, ηλιοβασίλεμα, δωρεάν, ρομαντικά', 'https://i.ibb.co/RGbVXn4j/960px.jpg', 0, '2025-12-27 12:18:37', 1, NULL, 'moderate', NULL),
(12, 'Οινοποιείο Achaia Clauss', 'Γαστρονομία', 'Πάτρα', 12.00, 'Ξενάγηση στο ιστορικότερο οινοποιείο της Ελλάδας. Δοκιμή Μαυροδάφνης στα κελάρια.', 'κρασί, ιστορία, γευσιγνωσία, ατμόσφαιρα, εκδρομή', 'https://i.ibb.co/kgZKC39F/960px-14.jpg', 0, '2025-12-27 12:18:37', 1, NULL, 'moderate', NULL),
(13, 'Kitesurfing στο Δρέπανο', 'Αδρεναλίνη', 'Πάτρα', 50.00, 'Μάθημα kitesurf σε ένα από τα καλύτερα σημεία της Ευρώπης. Αδρεναλίνη στο νερό.', 'θάλασσα, watersports, surf, αδρεναλίνη, παραλία', 'https://i.ibb.co/4nV6hhpV/960px-Kitesurf-Cape-Drepano-1.jpg\n', 0, '2025-12-27 12:18:37', 1, NULL, 'moderate', NULL),
(14, 'Χαμάμ Λουτρά Πάτρας', 'Ευεξία', 'Πάτρα', 35.00, 'Παραδοσιακή εμπειρία χαμάμ για χαλάρωση και ευεξία στο κέντρο της Πάτρας.', 'spa, μασάζ, χαλάρωση, ηρεμία, παράδοση', 'https://i.ibb.co/HDRFsqhf/pexels-jpgata-15528973.jpg', 0, '2025-12-27 12:18:37', 1, NULL, 'moderate', NULL),
(15, 'Πικνίκ στο Δασύλλιο', 'Φύση', 'Πάτρα', 0.00, 'Ο πνεύμονας πρασίνου της Πάτρας. Ιδανικό για τρέξιμο, καφέ με θέα ή πικνίκ.', 'βουνό, δάσος, θέα, καφές, χαλάρωση, δωρεάν', 'https://images.unsplash.com/photo-1592753054398-9fa298d40e85?auto=format&fit=crop&w=800&h=600&q=80', 0, '2025-12-27 12:18:37', 1, NULL, 'moderate', NULL),
(16, 'Αρχαιολογικό Μουσείο Πάτρας', 'Πολιτισμός', 'Πάτρα', 8.00, 'Σύγχρονο μουσείο με εντυπωσιακά ψηφιδωτά και εκθέματα από τη Ρωμαϊκή εποχή.', 'μουσείο, ιστορία, πολιτισμός, εκπαίδευση, εσωτερικός χώρος', 'https://i.ibb.co/533WKjQ/960px-Objects-in-the-Archaeological-Museum-of-Patras-Greece-10.jpg', 0, '2025-12-27 12:18:37', 0, NULL, 'moderate', NULL),
(17, 'Καρναβάλι Πάτρας', 'Διασκέδαση', 'Πάτρα', 0.00, 'Η μεγαλύτερη αποκριάτικη εκδήλωση στην Ελλάδα. Παρελάσεις και πάρτυ.', 'πάρτυ, διασκέδαση, παρέα, χορός, δωρεάν', 'https://i.ibb.co/215cHp65/960px-2024.jpg', 0, '2025-12-27 12:18:37', 1, NULL, 'moderate', NULL),
(18, 'Λευκός Πύργος', 'Πολιτισμός', 'Θεσσαλονίκη', 6.00, 'Το σύμβολο της πόλης. Μουσείο και πανοραμική θέα στον Θερμαϊκό.', 'ιστορία, θέα, μνημείο, μουσείο', 'https://images.unsplash.com/photo-1649965164588-82b96857d4fd?auto=format&fit=crop&w=800&h=600&q=80', 0, '2025-12-27 12:18:37', 1, NULL, 'moderate', NULL),
(19, 'Βόλτα στα Λαδάδικα', 'Γαστρονομία', 'Θεσσαλονίκη', 20.00, 'Ιστορική περιοχή γεμάτη ταβέρνες, μπαρ και έντονη νυχτερινή ζωή.', 'φαγητό, ποτό, νυχτερινή ζωή, παρέα', 'https://i.ibb.co/YBpZRR2b/960px-1942.jpg', 0, '2025-12-27 12:18:37', 1, NULL, 'moderate', NULL),
(20, 'Λουτρά Πόζαρ', 'Ευεξία', 'Αριδαία', 5.00, 'Φυσικοί καταρράκτες με ιαματικά θερμά νερά μέσα στο δάσος. Απόλυτη εμπειρία ευεξίας.', 'φύση, ιαματικά, χαλάρωση, εκδρομή, χειμώνας', 'https://i.ibb.co/V0sCsGLw/960px.jpg', 0, '2025-12-27 12:18:37', 1, NULL, 'moderate', NULL),
(21, 'Αρχαιολογικός χώρος Βεργίνας', 'Πολιτισμός', 'Βεργίνα', 12.00, 'Επίσκεψη στους Βασιλικούς Τάφους των Αιγών και του Φιλίππου Β\'.', 'ιστορία, αρχαιολογία, μνημείο unesco', 'https://i.ibb.co/9k3jyQtJ/960px-1977-wurden-die-K-nigsgr-ber-in-Vergina-entdeckt-12.jpg', 0, '2025-12-27 12:18:37', 1, NULL, 'moderate', NULL),
(22, 'Rafting στον Βοϊδομάτη', 'Αδρεναλίνη', 'Ζαγοροχώρια', 35.00, 'Κατάβαση στο καθαρότερο ποτάμι της Ευρώπης. Ιδανικό για αρχάριους και οικογένειες.', 'rafting, φύση, extreme sports, ποτάμι', 'https://i.ibb.co/Xr08kg9b/960px.jpg', 0, '2025-12-27 12:18:37', 1, NULL, 'moderate', NULL),
(23, 'Χαράδρα του Βίκου', 'Φύση', 'Ζαγοροχώρια', 0.00, 'Μια από τις βαθύτερες χαράδρες του κόσμου. Μοναδική εμπειρία για λάτρεις της φύσης.', 'πεζοπορία, βουνό, θέα, άσκηση', 'https://i.ibb.co/HpGvtXCh/960px.jpg', 0, '2025-12-27 12:18:37', 1, NULL, 'moderate', NULL),
(24, 'Μετέωρα Μοναστήρια', 'Πολιτισμός', 'Καλαμπάκα', 3.00, 'Επίσκεψη στα μοναστήρια που αιωρούνται στους βράχους. Μνημείο παγκόσμιας κληρονομιάς.', 'θρησκεία, θέα, φωτογραφία, ιστορία', 'https://i.ibb.co/Lh6wD4T7/960px-Meteora-hill.jpg', 0, '2025-12-27 12:18:37', 1, NULL, 'moderate', NULL),
(25, 'Παλάτι της Κνωσού', 'Πολιτισμός', 'Ηράκλειο', 15.00, 'Ο αρχαιότερος πολιτισμός της Ευρώπης. Ξενάγηση στο μινωικό ανάκτορο.', 'ιστορία, μύθοι, αρχαιολογία, κρήτη', 'https://images.unsplash.com/photo-1686242337790-a5acee5e8f01?auto=format&fit=crop&w=800&h=600&q=80', 0, '2025-12-27 12:18:37', 1, NULL, 'moderate', NULL),
(26, 'Λιμνοθάλασσα Μπάλου', 'Φύση', 'Χανιά', 0.00, 'Εξωτική παραλία με γαλαζοπράσινα νερά. Πρόσβαση με καραβάκι ή πεζοπορία.', 'παραλία, κολύμπι, καλοκαίρι, φωτογραφία', 'https://i.ibb.co/mC6zH0Jf/960px-Aerial-view-of-Balos-Beach-and-Lagoon-on-Crete-Greece.jpg', 0, '2025-12-27 12:18:37', 1, NULL, 'moderate', NULL),
(27, 'Φαράγγι της Σαμαριάς', 'Φύση', 'Χανιά', 5.00, 'Διάσχιση του μακρύτερου φαραγγιού στην Ευρώπη (16χλμ).', 'πεζοπορία, αντοχή, φύση, βουνό', 'https://i.ibb.co/gMcKknpm/960px-3703.jpg', 0, '2025-12-27 12:18:37', 1, NULL, 'moderate', NULL),
(28, 'Αρχαίο Θέατρο Επιδαύρου', 'Πολιτισμός', 'Επίδαυρος', 12.00, 'Το τελειότερο αρχαίο θέατρο από άποψη ακουστικής.', 'θέατρο, ιστορία, μνημείο', 'https://images.unsplash.com/photo-1708685073807-110d588306f8?auto=format&fit=crop&w=800&h=600&q=80', 0, '2025-12-27 12:18:37', 1, NULL, 'moderate', NULL),
(29, 'Κάστρο του Παλαμηδίου', 'Πολιτισμός', 'Ναύπλιο', 8.00, 'Ενετικό φρούριο με 999 σκαλοπάτια και θέα σε όλο τον Αργολικό κόλπο.', 'θέα, κάστρο, ιστορία, περπάτημα', 'https://images.unsplash.com/photo-1683576657033-02f59af9b092?auto=format&fit=crop&w=800&h=600&q=80', 0, '2025-12-27 12:18:37', 1, NULL, 'moderate', NULL),
(30, 'Οδοντωτός Σιδηρόδρομος', 'Φύση', 'Καλάβρυτα', 9.50, 'Μαγευτική διαδρομή με τρένο μέσα από το φαράγγι του Βουραϊκού.', 'τρένο, φύση, οικογένεια, εκδρομή', 'https://i.ibb.co/mCZ72HXV/960px-Diakopto-Kalavryta-panoramio-5.jpg', 0, '2025-12-27 12:18:37', 1, NULL, 'moderate', NULL),
(31, 'Wine Tasting στη Νεμέα', 'Γαστρονομία', 'Νεμέα', 25.00, 'Δοκιμή κρασιών σε ένα από τα διάσημα οινοποιεία της περιοχής.', 'κρασί, γευσιγνωσία, αμπελώνες, ζευγάρια', 'https://images.unsplash.com/photo-1558670460-cad0c19b1840?auto=format&fit=crop&w=800&h=600&q=80', 0, '2025-12-27 12:18:37', 1, NULL, 'moderate', NULL),
(32, 'Ηλιοβασίλεμα στην Οία', 'Ρομαντικά', 'Οία', 0.00, 'Το διάσημο ηλιοβασίλεμα με θέα την Καλντέρα.', 'ρομαντικά, θέα, φωτογραφία, ζευγάρια', 'https://images.unsplash.com/photo-1669203408570-4140ee21f211?auto=format&fit=crop&w=800&h=600&q=80', 0, '2025-12-27 12:18:37', 1, NULL, 'moderate', NULL),
(33, 'Σαρακήνικο', 'Φύση', 'Μήλος', 0.00, 'Σεληνιακό τοπίο με λευκά βράχια. Μοναδικό για μπάνιο και φωτογραφίες.', 'παραλία, τοπίο, φωτογραφία, κολύμπι', 'https://images.unsplash.com/photo-1695072348608-730ebc94e34c?auto=format&fit=crop&w=800&h=600&q=80', 0, '2025-12-27 12:18:37', 1, NULL, 'moderate', NULL),
(34, 'Παλιά Πόλη της Ρόδου', 'Πολιτισμός', 'Ρόδος', 0.00, 'Περπάτημα στη μεσαιωνική πόλη των Ιπποτών.', 'ιστορία, βόλτα, αρχιτεκτονική', 'https://images.unsplash.com/photo-1696968800706-a36f206db106?auto=format&fit=crop&w=800&h=600&q=80', 0, '2025-12-27 12:18:37', 1, NULL, 'moderate', NULL),
(35, 'Αχίλλειο Ανάκτορο', 'Πολιτισμός', 'Κέρκυρα', 10.00, 'Το παλάτι της Πριγκίπισσας Σίσσυ με τους υπέροχους κήπους.', 'μουσείο, κήποι, ιστορία, αρχοντικό', 'https://i.ibb.co/3YzgXbRb/960px-Corfu-Achilleion-R05.jpg', 0, '2025-12-27 12:18:37', 1, NULL, 'moderate', NULL),
(36, 'Ναυάγιο Ζακύνθου', 'Φύση', 'Ζάκυνθος', 20.00, 'Η πιο διάσημη παραλία της Ελλάδας. Πρόσβαση μόνο με σκάφος.', 'παραλία, θαλάσσια εκδρομή, φωτογραφία', 'https://images.unsplash.com/photo-1676732981078-a48a5ebd1263?auto=format&fit=crop&w=800&h=600&q=80', 0, '2025-12-27 12:18:37', 1, NULL, 'moderate', NULL),
(37, 'Kitesurfing', 'Αδρεναλίνη', 'Λευκάδα', 50.00, 'Μάθημα kitesurfing στην παραλία Μύλοι.', 'θαλάσσια σπορ, αέρας, extreme', 'https://images.unsplash.com/photo-1627068477565-3a66d5f76d5e?auto=format&fit=crop&w=800&h=600&q=80', 0, '2025-12-27 12:18:37', 1, NULL, 'moderate', NULL),
(38, 'Κατάδυση σε Ναυάγιο', 'Αδρεναλίνη', 'Αμοργός', 60.00, 'Scuba diving στα κρυστάλλινα νερά του \"Απέραντου Γαλάζιου\".', 'κατάδυση, θάλασσα, βυθός, αθλητισμός, φύση', 'https://images.unsplash.com/photo-1759676249936-a3da430bb087?auto=format&fit=crop&w=800&h=600&q=80', 0, '2025-12-27 12:18:37', 1, NULL, 'moderate', NULL),
(39, 'Πεζοπορία στον Όλυμπο', 'Αδρεναλίνη', 'Λιτόχωρο', 0.00, 'Ανάβαση στο βουνό των Θεών. Απαιτητική διαδρομή.', 'βουνό, πεζοπορία, φύση, πρόκληση', 'https://images.unsplash.com/photo-1457104312140-ada7fcd34df7?auto=format&fit=crop&w=800&h=600&q=80', 0, '2025-12-27 12:18:37', 1, NULL, 'moderate', NULL),
(40, 'River Trekking στη Νέδα', 'Φύση', 'Μεσσηνία', 0.00, 'Πεζοπορία μέσα στο ποτάμι και μπάνιο στους καταρράκτες.', 'ποτάμι, καταρράκτης, πεζοπορία, περιπέτεια', 'https://images.unsplash.com/photo-1627279011147-dd5b003fdba1?auto=format&fit=crop&w=800&h=600&q=80', 0, '2025-12-27 12:18:37', 1, NULL, 'moderate', NULL),
(41, 'Σκι στα Καλάβρυτα', 'Αθλητισμός', 'Καλάβρυτα', 30.00, 'Χειμερινή απόδραση στο χιονοδρομικό κέντρο. Σκι και snowboard.', 'χιόνι, σκι, βουνό, χειμώνας, σπορ', 'https://images.unsplash.com/photo-1507534192483-69914c0692d7?auto=format&fit=crop&w=800&h=600&q=80', 0, '2025-12-27 12:18:37', 1, NULL, 'moderate', NULL),
(42, 'Scuba Diving Χαλκιδική', 'Αδρεναλίνη', 'Χαλκιδική', 60.00, 'Μάθημα κατάδυσης και εξερεύνηση του βυθού. Δες ψάρια και ναυάγια.', 'κατάδυση, θάλασσα, βυθός, αθλητισμός, φύση', 'https://images.unsplash.com/photo-1517627043994-b991abb62fc8?auto=format&fit=crop&w=800&h=600&q=80', 0, '2025-12-27 12:18:37', 1, NULL, 'moderate', NULL),
(43, 'Scuba Diving στη Σαντορίνη', 'Αδρεναλίνη', 'Σαντορίνη', 85.00, 'Μια μοναδική εμπειρία κατάδυσης στο ηφαίστειο και τα καταγάλανα νερά. Περιλαμβάνει εξοπλισμό και εκπαιδευτή.', 'κατάδυση, σαντορίνη, ηφαίστειο, θάλασσα, extreme', 'https://images.unsplash.com/photo-1544551763-46a013bb70d5?auto=format&fit=crop&w=800&h=600&q=80', 0, '2025-12-27 23:08:15', 1, NULL, 'moderate', NULL),
(44, 'Ξενάγηση στην Ακρόπολη', 'Πολιτισμός', 'Αθήνα', 20.00, 'Περπατήστε στον Ιερό Βράχο και ανακαλύψτε την ιστορία του Παρθενώνα με επαγγελματία ξεναγό.', 'αθήνα, ακρόπολη, ιστορία, πολιτισμός, ξενάγηση, μνημείο', 'https://images.unsplash.com/photo-1603565816030-6b389eeb23cb?auto=format&fit=crop&w=800&h=600&q=80', 0, '2025-12-27 23:24:54', 1, NULL, 'moderate', NULL),
(45, 'Πεζοπορία στα Μετέωρα', 'Φύση', 'Μετέωρα', 0.00, 'Μαγευτική διαδρομή στα μονοπάτια των βράχων και επίσκεψη σε ιστορικά μοναστήρια.', 'μετέωρα, πεζοπορία, φύση, βουνό, μοναστήρια, θέα', 'https://images.unsplash.com/photo-1547804829-4f86abf7860c?auto=format&fit=crop&w=800&h=600&q=80', 0, '2025-12-27 23:24:54', 1, NULL, 'moderate', NULL),
(46, 'Γευσιγνωσία Κρασιού & Κρητική Κουζίνα', 'Γαστρονομία', 'Χανιά', 45.00, 'Δοκιμάστε τοπικά κρασιά και παραδοσιακούς μεζέδες σε ένα αυθεντικό κρητικό οινοποιείο.', 'χανιά, κρήτη, γευσιγνωσία, κρασί, φαγητό, παράδοση', 'https://images.unsplash.com/photo-1571139317861-76cd3c032c76?auto=format&fit=crop&w=800&h=600&q=80', 0, '2025-12-27 23:24:54', 1, NULL, 'moderate', NULL),
(47, 'Rafting στον Βοϊδομάτη', 'Αδρεναλίνη', 'Ζαγοροχώρια', 35.00, 'Αδρεναλίνη και κρύα νερά στο πιο καθαρό ποτάμι της Ευρώπης. Ιδανικό για αρχάριους.', 'rafting, ζαγοροχώρια, ποτάμι, αδρεναλίνη, φύση, extreme', 'https://images.unsplash.com/photo-1642933196504-62107dac9258?auto=format&fit=crop&w=800&h=600&q=80', 0, '2025-12-27 23:24:54', 1, NULL, 'moderate', NULL),
(49, 'Ηλιοβασίλεμα στην Πορτάρα', 'Ρομαντικά', 'Νάξος', 0.00, 'Το σήμα κατατεθέν της Νάξου. Μαγική θέα στο Αιγαίο μέσα από τη μαρμάρινη πύλη.', 'νησί, θέα, ηλιοβασίλεμα, φωτογραφία, δωρεάν', 'https://images.unsplash.com/photo-1624789842920-ac82f3d8873a?auto=format&fit=crop&w=800&h=600&q=80', 0, '2026-01-03 12:40:11', 1, NULL, 'moderate', NULL),
(50, 'Μικρή Βενετία', 'Διασκέδαση', 'Μύκονος', 0.00, 'Βόλτα και κοκτέιλ δίπλα στο κύμα, σε ένα από τα πιο διάσημα και κοσμοπολίτικα μέρη του κόσμου.', 'ποτό, θάλασσα, διασκέδαση, κοσμοπολίτικο, φωτογραφία', 'https://images.unsplash.com/photo-1601581875309-fafbf2d3ed3a?auto=format&fit=crop&w=800&h=600&q=80', 0, '2026-01-03 12:40:11', 1, NULL, 'moderate', NULL),
(51, 'Παναγία Εκατονταπυλιανή', 'Πολιτισμός', 'Πάρος', 0.00, 'Ένα από τα σημαντικότερα βυζαντινά μνημεία στην Ελλάδα με εντυπωσιακή ιστορία.', 'θρησκεία, ιστορία, μνημείο, νησί', 'https://i.ibb.co/MDF7M8NC/960px-Die-Kirche-mit-den-100-T-ren-06.jpg', 0, '2026-01-03 12:40:11', 1, NULL, 'moderate', NULL),
(52, 'Λίμνη Παμβώτιδα (Νησάκι)', 'Φύση', 'Ιωάννινα', 5.00, 'Βόλτα με καραβάκι στο νησί της Κυρά Φροσύνης. Δοκιμάστε βατραχοπόδαρα και δείτε το μουσείο του Αλή Πασά.', 'λίμνη, ιστορία, φύση, φαγητό, βόλτα', 'https://images.unsplash.com/photo-1574632178279-430485ec0ee6?auto=format&fit=crop&w=800&h=600&q=80', 0, '2026-01-03 12:40:11', 1, NULL, 'moderate', NULL),
(53, 'Σπήλαιο Μελισσάνης', 'Φύση', 'Κεφαλονιά', 20.00, 'Το σπήλαιο των Νυμφών. Βαρκάδα σε τιρκουάζ νερά με ανοιχτή οροφή. Εμπειρία ζωής.', 'σπήλαιο, βαρκάδα, μπλε, φωτογραφία, φύση', 'https://i.ibb.co/0yr3XqzV/960px-Kefalonia-Fae077.jpg', 0, '2026-01-03 12:40:11', 1, NULL, 'moderate', NULL),
(54, 'Παλιά Πόλη Κέρκυρας', 'Πολιτισμός', 'Κέρκυρα', 0.00, 'Περπάτημα στα καντούνια της UNESCO, ανάμεσα σε ενετικά κτίρια και φρούρια.', 'βόλτα, ιστορία, αρχιτεκτονική, unesco, κέντρο', 'https://images.unsplash.com/photo-1660744529160-d273545c3a1f?auto=format&fit=crop&w=800&h=600&q=80', 0, '2026-01-03 12:40:11', 1, NULL, 'moderate', NULL),
(55, 'Παλιά Πόλη Ξάνθης', 'Πολιτισμός', 'Ξάνθη', 0.00, 'Περιήγηση στα γραφικά σοκάκια με τα αρχοντικά και την ανατολίτικη ατμόσφαιρα.', 'παράδοση, βόλτα, αρχοντικά, φωτογραφία', 'https://images.unsplash.com/photo-1697372137149-9e16e4067000?auto=format&fit=crop&w=800&h=600&q=80', 0, '2026-01-03 12:40:11', 1, NULL, 'moderate', NULL),
(56, 'Λίμνη Κερκίνη (Bird Watching)', 'Φύση', 'Σέρρες', 15.00, 'Παρατήρηση φλαμίνγκο και βαρκάδα σε έναν από τους σημαντικότερους υγροτόπους.', 'πουλιά, φύση, βαρκάδα, ηρεμία, οικογένεια', 'https://i.ibb.co/xt17kjhj/960px-Flamingos-04.jpg', 0, '2026-01-03 12:40:11', 1, NULL, 'moderate', NULL),
(57, 'Καταρράκτες Έδεσσας', 'Φύση', 'Έδεσσα', 0.00, 'Το πάρκο των καταρρακτών μέσα στην πόλη. Μοναδικό θέαμα με το νερό να πέφτει από ψηλά.', 'νερό, φύση, θέα, πάρκο, δωρεάν', 'https://images.unsplash.com/photo-1602883309502-2ccc8f1a168a?auto=format&fit=crop&w=800&h=600&q=80', 0, '2026-01-03 12:40:11', 1, NULL, 'moderate', NULL),
(58, 'Κοιλάδα των Πεταλούδων', 'Φύση', 'Ρόδος', 6.00, 'Ένας σπάνιος βιότοπος γεμάτος δέντρα και χιλιάδες πεταλούδες Panaxia.', 'φύση, ζώα, δάσος, περίπατος, οικογένεια', 'https://i.ibb.co/bgs7Dq5q/960px-Pond-at-Petaloudes-the-VALLEY-OF-THE-BUTTERFLIES-panoramio.jpg', 0, '2026-01-03 12:40:11', 1, NULL, 'moderate', NULL),
(59, 'Ασκληπιείο της Κω', 'Πολιτισμός', 'Κως', 8.00, 'Ένα από τα σημαντικότερα θεραπευτήρια της αρχαιότητας, αφιερωμένο στον Ιπποκράτη.', 'αρχαία, ιατρική, ιστορία, θέα', 'https://i.ibb.co/WNDhfFVs/960px-Asclepeion-in-Kos.jpg', 0, '2026-01-03 12:40:11', 1, NULL, 'moderate', NULL),
(60, 'Μουσείο Μαστίχας', 'Πολιτισμός', 'Χίος', 5.00, 'Μάθετε τα πάντα για τη μαστίχα, το \"δάκρυ\" που βγαίνει μόνο στη Χίο.', 'μουσείο, παράδοση, μαστίχα, εκπαίδευση', 'https://i.ibb.co/dwPcycQm/960px-Chios-Aug-2023-12-37-21-083000.jpg', 0, '2026-01-03 12:40:11', 0, NULL, 'moderate', NULL),
(61, 'Κάστρο Ναυπάκτου', 'Πολιτισμός', 'Ναύπακτος', 5.00, 'Ένα από τα πιο καλοδιατηρημένα κάστρα με θέα όλο τον Κορινθιακό κόλπο.', 'θέα, κάστρο, ιστορία, βόλτα', 'https://i.ibb.co/8gZMQ8VB/960px-Castle-of-Nafpaktos.jpg', 0, '2026-01-03 12:40:11', 1, NULL, 'moderate', NULL),
(62, 'Μονεμβασιά (Καστροπολιτεία)', 'Ρομαντικά', 'Λακωνία', 0.00, 'Ταξίδι στον χρόνο μέσα στα μεσαιωνικά τείχη. Ιδανικό για ζευγάρια.', 'ρομαντικά, κάστρο, ιστορία, θάλασσα', 'https://i.ibb.co/B2GNqZT7/960px-006.jpg', 0, '2026-01-03 12:40:11', 1, NULL, 'moderate', NULL),
(63, 'Γέφυρα Γοργοποτάμου', 'Πολιτισμός', 'Λαμία', 0.00, 'Ιστορική γέφυρα και σύμβολο της Εθνικής Αντίστασης μέσα σε καταπράσινο τοπίο.', 'ιστορία, φύση, μνημείο, πεζοπορία', 'https://i.ibb.co/DfbP4bv8/960px-Gorgopotamos-Bridge-16.jpg', 0, '2026-01-03 12:40:11', 1, NULL, 'moderate', NULL),
(89, 'Πεζοπορία στο Δάσος της Βάλια Κάλντα', 'Φύση', 'Γρεβενά', 0.00, 'Ανακάλυψε τον Εθνικό Δρυμό της Πίνδου, ένα από τα πιο παρθένα δάση της Ελλάδας.', 'βουνό, πεζοπορία, φύση, εθνικός δρυμός, δυτική μακεδονία', 'https://i.ibb.co/fVXdwRm1/960px-Valia-Calda-view.jpg', 0, '2026-06-05 00:20:18', 1, NULL, 'moderate', NULL),
(90, 'Βαρκάδα στις Πρέσπες & Άγιος Αχίλλειος', 'Φύση', 'Φλώρινα', 10.00, 'Πλωτή περιήγηση στη Μικρή Πρέσπα και περπάτημα στην πλωτή γέφυρα μέχρι το νησάκι του Αγίου Αχιλλείου.', 'λίμνη, βαρκάδα, φύση, σύνορα, δυτική μακεδονία', 'https://i.ibb.co/9mMPgpJP/960px-6.jpg', 0, '2026-06-05 00:20:18', 1, NULL, 'chill', NULL),
(91, 'Ξενάγηση στην Αρχαία Ολυμπία', 'Πολιτισμός', 'Ηλεία', 12.00, 'Επίσκεψη στη γενέτειρα των Ολυμπιακών Αγώνων και το εξαιρετικό Αρχαιολογικό Μουσείο.', 'ιστορία, αρχαιότητα, μουσείο, πελοπόννησος, unesco', 'https://i.ibb.co/DHczLKQb/960px-Olympia-Katakolon-Greece-4-45487369512.jpg', 0, '2026-06-05 00:20:18', 1, NULL, 'moderate', NULL),
(92, 'Rafting στον Λούσιο Ποταμό', 'Αδρεναλίνη', 'Αρκαδία', 40.00, 'Διάσχιση του ποταμού Λούσιου μέσα σε ένα μαγευτικό φαράγγι. Ιδανικό για λάτρεις της δράσης.', 'rafting, ποτάμι, extreme, βουνό, πελοπόννησος', 'https://i.ibb.co/S4NycrQ8/960px-Loysios-Potamos-02-1.jpg', 0, '2026-06-05 00:20:18', 1, NULL, 'extreme', NULL),
(93, 'Ποδήλατο Νερού στη Λίμνη Πλαστήρα', 'Ευεξία', 'Καρδίτσα', 15.00, 'Απόλαυσε την ηρεμία της λίμνης κάνοντας υδροποδήλατο με θέα τα βουνά των Αγράφων.', 'λίμνη, υδροποδήλατο, ηρεμία, θεσσαλία, οικογένεια', 'https://i.ibb.co/Swtm6Qmg/960px-DJI-lake.jpg\n', 0, '2026-06-05 00:20:18', 1, NULL, 'chill', NULL),
(94, 'Εξερεύνηση στα Τζουμέρκα & Καταρράκτες Κουιάσας', 'Φύση', 'Άρτα', 0.00, 'Πεζοπορία στα άγρια τοπία των Τζουμέρκων και βουτιά στους εντυπωσιακούς καταρράκτες.', 'βουνό, πεζοπορία, καταρράκτης, ήπειρος, άγρια φύση', 'https://images.unsplash.com/photo-1433086966358-54859d0ed716?auto=format&fit=crop&w=800&h=600&q=80', 0, '2026-06-05 00:20:18', 1, NULL, 'moderate', NULL),
(95, 'Χιονοδρομικό Κέντρο Παρνασσού', 'Αθλητισμός', 'Αράχωβα', 35.00, 'Σκι και snowboard στο μεγαλύτερο χιονοδρομικό κέντρο της χώρας, με άρτιες εγκαταστάσεις.', 'σκι, χιόνι, βουνό, χειμώνας, στερεά ελλάδα', 'https://images.unsplash.com/photo-1551698618-1dfe5d97d256?auto=format&fit=crop&w=800&h=600&q=80', 0, '2026-06-05 00:20:18', 1, NULL, 'extreme', NULL),
(96, 'Ιαματικά Λουτρά Αιδηψού', 'Ευεξία', 'Εύβοια', 10.00, 'Χαλάρωση στα φημισμένα θερμά ιαματικά νερά που αναβλύζουν από τη γη και καταλήγουν στη θάλασσα.', 'ιαματικά, spa, χαλάρωση, ευεξία, στερεά ελλάδα', 'https://i.ibb.co/YTf2cSVC/ulf-meyer-pn8-Lf-Fl-Gx-RY-unsplash-1.jpg', 0, '2026-06-05 00:20:18', 1, NULL, 'chill', NULL),
(97, 'Απολιθωμένο Δάσος Λέσβου', 'Πολιτισμός', 'Λέσβος', 5.00, 'Ένα σπάνιο γεωλογικό μνημείο παγκόσμιας κληρονομιάς στο Σίγρι. Εντυπωσιακοί απολιθωμένοι κορμοί.', 'μουσείο, γεωλογία, φύση, βόρειο αιγαίο, unesco', 'https://i.ibb.co/S4rrwXtJ/960px-Petrified-forest-of-Lesbos-09-1.jpg', 0, '2026-06-05 00:20:18', 1, NULL, 'moderate', NULL),
(98, 'Επίσκεψη στο Ηραίον και το Ευπαλίνειο Όρυγμα', 'Πολιτισμός', 'Σάμος', 8.00, 'Ανακάλυψε τον αρχαίο ναό της Ήρας και το σπουδαίο τεχνολογικό θαύμα της αρχαιότητας.', 'ιστορία, αρχαιολογία, μνημείο, βόρειο αιγαίο', 'https://i.ibb.co/JFzxWHBR/960px-10.jpg', 0, '2026-06-05 00:20:18', 0, NULL, 'moderate', NULL),
(99, 'Βόλτα στο Φοινικόδασος του Βάι', 'Φύση', 'Λασίθι', 0.00, 'Το μεγαλύτερο φυσικό φοινικόδασος της Ευρώπης, που καταλήγει σε μια πανέμορφη χρυσή παραλία.', 'παραλία, φοίνικες, κρήτη, καλοκαίρι, εξωτικό', 'https://i.ibb.co/G4KbXZcs/960px-1168.jpg', 0, '2026-06-05 00:20:18', 1, NULL, 'chill', NULL),
(100, 'Περιήγηση στην Παλιά Πόλη του Ρεθύμνου', 'Πολιτισμός', 'Ρέθυμνο', 0.00, 'Βενετσιάνικη αρχιτεκτονική, στενά σοκάκια και το ιστορικό φρούριο της Φορτέτζας.', 'βόλτα, κάστρο, ιστορία, κρήτη, γραφικό', 'https://i.ibb.co/Jj9J4Hv3/960px-Odos-S-Xanthoudidou-Rethymno-Crete-Greece.jpg', 0, '2026-06-05 00:20:18', 1, NULL, 'moderate', NULL),
(101, 'Ηλιοβασίλεμα στον Ναό του Ποσειδώνα', 'Πολιτισμός', 'Σούνιο', 10.00, 'Επίσκεψη στον αρχαίο ναό του Ποσειδώνα στο νοτιότερο άκρο της Αττικής με μαγευτική θέα στο Αιγαίο.', 'ιστορία, αρχαιολογία, θέα, ηλιοβασίλεμα, αττική', 'https://i.ibb.co/M55gd20m/960px-Temple-of-Poseidon-Sounio-4.jpg', 0, '2026-06-05 00:31:36', 1, NULL, 'chill', NULL),
(102, 'Βόλτα και Θαλασσινοί Μεζέδες στο Μικρολίμανο', 'Γαστρονομία', 'Πειραιάς', 20.00, 'Περίπατος δίπλα στα σκάφη και παραδοσιακό φαγητό σε ένα από τα πιο γραφικά λιμανάκια του Πειραιά.', 'φαγητό, θάλασσα, βόλτα, παρέα, πειραιάς', 'https://i.ibb.co/B87XgWH/960px-Pireas-14027393910.jpg', 0, '2026-06-05 00:31:36', 1, NULL, 'chill', NULL),
(103, 'Καφέ και Χαλάρωση στην Πλατεία Γαρδένιας', 'Διασκέδαση', 'Ζωγράφου', 4.00, 'Απόλαυσε τον καφέ σου σε ένα από τα πιο ζωντανά φοιτητικά στέκια της Αττικής.', 'καφές, φοιτητές, παρέα, χαλαρά, ζωγράφου', 'https://i.ibb.co/hxC2JNkJ/960px.jpg', 0, '2026-06-05 00:31:36', 1, NULL, 'chill', NULL),
(104, 'Παρατήρηση των «Τρελών Νερών» στον Ευρίπο', 'Φύση', 'Χαλκίδα', 0.00, 'Δες από κοντά το μοναδικό παγκόσμιο φαινόμενο αλλαγής της κατεύθυνσης των νερών κάτω από την παλιά γέφυρα.', 'νερό, φαινόμενο, βόλτα, εύβοια, δωρεάν', 'https://i.ibb.co/h1BdtYgT/960px-Straight-of-Evripos-old-bridge-Chalkida-Greece.jpg', 0, '2026-06-05 00:31:36', 1, NULL, 'chill', NULL),
(105, 'Υπερσύγχρονο Αρχαιολογικό Μουσείο', 'Πολιτισμός', 'Θήβα', 6.00, 'Γνώρισε την τεράστια ιστορία της αρχαίας Θήβας μέσα από ένα από τα καλύτερα μουσεία της χώρας.', 'μουσείο, ιστορία, αρχαιολογία, πολιτισμός, βοιωτία', 'https://i.ibb.co/m5zY72dL/960px-Archaeological-Museum-of-Thebes-Greece-04-1.jpg', 0, '2026-06-05 00:31:36', 0, NULL, 'moderate', NULL),
(106, 'Πηγές της Κρύας', 'Φύση', 'Λιβαδειά', 0.00, 'Ένα καταπράσινο τοπίο μέσα στην πόλη με τρεχούμενα νερά, νερόμυλους και μικρά γεφυράκια.', 'φύση, νερό, βόλτα, χαλάρωση, δωρεάν, στερεά ελλάδα', 'https://i.ibb.co/jkC97Fkj/960px-1639.jpg', 0, '2026-06-05 00:31:36', 1, NULL, 'chill', NULL),
(107, 'Βαρκάδα στη Λιμνοθάλασσα & Επίσκεψη στις Πελάδες', 'Φύση', 'Μεσολόγγι', 10.00, 'Περιήγηση με παραδοσιακή βάρκα (πριάρι) στον προστατευόμενο υδροβιότοπο με τα ξύλινα σπιτάκια.', 'λίμνη, φύση, βαρκάδα, παράδοση, αιτωλοακαρνανία', 'https://i.ibb.co/jZ1wzQpb/960px-1.jpg', 0, '2026-06-05 00:31:36', 1, NULL, 'chill', NULL),
(108, 'Εκδρομή και Bird Watching στη Λίμνη Τριχωνίδα', 'Φύση', 'Αγρίνιο', 0.00, 'Εξερεύνησε τη μεγαλύτερη φυσική λίμνη της Ελλάδας, ιδανική για φύση και χαλάρωση.', 'λίμνη, φύση, εκδρομή, ηρεμία, δωρεάν', 'https://i.ibb.co/rGCC7Ys5/960px-Trichonida-582.jpg', 0, '2026-06-05 00:31:36', 1, NULL, 'chill', NULL),
(109, 'Εξερεύνηση στο Αρχαίο Θέατρο Άργους', 'Πολιτισμός', 'Άργος', 0.00, 'Δες ένα από τα μεγαλύτερα αρχαία θέατρα στην Ελλάδα, λαξευμένο εξ ολοκλήρου σε βράχο.', 'ιστορία, θέατρο, αρχαιότητα, πελοπόννησος, δωρεάν', '\nhttps://i.ibb.co/7qZ7TqK/960px-Ancient-Argos-Theatre-2-1.jpg', 0, '2026-06-05 00:31:36', 1, NULL, 'moderate', NULL),
(110, 'Βόλτα και Καφέ στην Πλατεία Άρεως', 'Διασκέδαση', 'Τρίπολη', 0.00, 'Περπάτημα σε μία από τις μεγαλύτερες πλατείες των Βαλκανίων, στην καρδιά της Αρκαδίας.', 'βόλτα, καφές, πλατεία, αρκαδία, δωρεάν', '', 0, '2026-06-05 00:31:36', 1, NULL, 'chill', NULL),
(111, 'Μουσείο Ελιάς και Ελληνικού Λαδιού', 'Πολιτισμός', 'Σπάρτη', 4.00, 'Μάθε τα πάντα για τον πολιτισμό, την ιστορία και την τεχνολογία της παραγωγής λαδιού στην Ελλάδα.', 'μουσείο, παράδοση, ιστορία, εκπαίδευση, λακωνία', 'https://i.ibb.co/Kxdfz7F1/960px-Oil-presses.jpg', 0, '2026-06-05 00:31:36', 0, NULL, 'chill', NULL),
(112, 'Ξενάγηση στο Ιστορικό Κέντρο & τη Δημοτική Αγορά', 'Πολιτισμός', 'Πύργος', 0.00, 'Περιήγηση στα νεοκλασικά κτίρια του Τσίλερ και την παραδοσιακή αγορά της πόλης.', 'αρχιτεκτονική, ιστορία, βόλτα, ηλεία, δωρεάν', 'https://images.unsplash.com/photo-1503463836371-10c812c75a30?auto=format&fit=crop&w=800&h=600&q=80', 0, '2026-06-05 00:31:36', 1, NULL, 'chill', NULL),
(113, 'Επίσκεψη στο Α\' Αρχαίο Θέατρο Λάρισας', 'Πολιτισμός', 'Λάρισα', 0.00, 'Θαύμασε το εμβληματικό αρχαίο θέατρο του 3ου αιώνα π.Χ. που βρίσκεται στο κέντρο της πόλης.', 'ιστορία, αρχαιολογία, μνημείο, θεσσαλία, δωρεάν', 'https://i.ibb.co/PLHZJT3/960px.jpg', 0, '2026-06-05 00:31:36', 1, NULL, 'chill', NULL),
(114, 'Γαστρονομική Εμπειρία στα Τσιπουράδικα του Βόλου', 'Γαστρονομία', 'Βόλος', 15.00, 'Δοκίμασε αυθεντικό τσίπουρο συνοδεία παραδοσιακών θαλασσινών μεζέδων δίπλα στο λιμάνι.', 'φαγητό, τσίπουρο, παρέα, γαστρονομία, μαγνησία', 'https://images.unsplash.com/photo-1414235077428-338988a2e8c0?auto=format&fit=crop&w=800&h=600&q=80', 0, '2026-06-05 00:31:36', 1, NULL, 'chill', NULL),
(115, 'Περίπατος στο Γραφικό Σεϊτάν Παζάρ', 'Πολιτισμός', 'Πρέβεζα', 0.00, 'Περπατήστε στα στενά πλακόστρωτα σοκάκια του ιστορικού κέντρου με το παραδοσιακό χρώμα.', 'βόλτα, ιστορία, γραφικό, ήπειρος, δωρεάν', 'https://i.ibb.co/v6p3v3yY/960px-Cafe-Seytan-Pazari-Preveza.jpg', 0, '2026-06-05 00:31:36', 1, NULL, 'chill', NULL),
(116, 'Μπάνιο στην Παραλία Δρέπανο', 'Φύση', 'Ηγουμενίτσα', 0.00, 'Απόλαυσε μια τεράστια οργανωμένη αμμουδιά με ρηχά, πεντακάθαρα νερά, ιδανική για οικογένειες.', 'παραλία, θάλασσα, κολύμπι, καλοκαίρι, θεσπρωτία', 'https://i.ibb.co/7x9qjYgJ/960px-Kitesurf-Cape-Drepano-7.jpg', 0, '2026-06-05 00:31:36', 1, NULL, 'chill', NULL),
(117, 'Βόλτα στην Παραδοσιακή Συνοικία Μπαρμπούτα', 'Πολιτισμός', 'Βέροια', 0.00, 'Ανακάλυψε την παλιά εβραϊκή συνοικία με τα εντυπωσιακά αρχοντικά δίπλα στο ποτάμι.', 'ιστορία, αρχιτεκτονική, βόλτα, μακεδονία, δωρεάν', 'https://i.ibb.co/93ySSwC5/960px-Jewish-neighbourhood-Veria.jpg', 0, '2026-06-05 00:31:36', 1, NULL, 'chill', NULL),
(118, 'Αρχαιολογικός Χώρος & Μουσείο Δίου', 'Πολιτισμός', 'Κατερίνη', 8.00, 'Επίσκεψη στην ιερή πόλη των αρχαίων Μακεδόνων στους πρόποδες του Ολύμπου.', 'ιστορία, αρχαιολογία, πιερία, μουσείο', 'https://i.ibb.co/7dXNpV9J/960px-Statues-of-philosophers-from-the-Villa-of-Dionysos-2nc-c-AD-Archaeological-Museum-Dion-7.jpg', 0, '2026-06-05 00:31:36', 1, NULL, 'moderate', NULL),
(119, 'Εξερεύνηση στο Σπήλαιο Αγίου Γεωργίου', 'Φύση', 'Κιλκίς', 5.00, 'Ένα από τα σημαντικότερα σπήλαια της Ελλάδας με σπάνιο διάκοσμο και θεραπευτικές ιδιότητες.', 'σπήλαιο, φύση, περιπέτεια, μακεδονία', 'https://i.ibb.co/VWRSqWSv/960px.jpg', 0, '2026-06-05 00:31:36', 0, NULL, 'chill', NULL),
(120, 'Κοβεντάρειος Δημοτική Βιβλιοθήκη', 'Πολιτισμός', 'Κοζάνη', 0.00, 'Δες μια από τις μεγαλύτερες ιστορικές βιβλιοθήκες της χώρας με σπάνια χειρόγραφα και χάρτες.', 'πολιτισμός, ιστορία, βιβλία, εκπαίδευση, δωρεάν', 'https://i.ibb.co/YFNFkCXf/jarmoluk-library-488690-1920.jpg', 0, '2026-06-05 00:31:36', 0, NULL, 'chill', NULL),
(121, 'Χαλάρωση στις Πηγές Αγίας Βαρβάρας', 'Φύση', 'Δράμα', 0.00, 'Ένα πανέμορφο πάρκο στην καρδιά της πόλης με λίμνες, πάπιες, αιωνόβια δέντρα και νερά.', 'φύση, πάρκο, νερό, χαλάρωση, δωρεάν', 'https://i.ibb.co/k6P0Bk6N/960px-St-Barbara-Park-Drama.jpg', 0, '2026-06-05 00:31:36', 1, NULL, 'chill', NULL),
(122, 'Παραδοσιακός Καφές & Γλυκά στο Ιστορικό Κέντρο', 'Γαστρονομία', 'Κομοτηνή', 5.00, 'Δοκίμασε αυθεντικό ελληνικό καφέ στη χόβολη και διάσημα ανατολίτικα γλυκά (στραγάλια, σιροπιαστά).', 'γλυκά, καφές, παράδοση, θράκη, παρέα', 'https://i.ibb.co/yFVhcpgf/960px-Old-Town-Komotini.jpg', 0, '2026-06-05 00:31:36', 0, NULL, 'chill', NULL),
(123, 'Ημερήσια Εκδρομή στους Αντίπαξους (Παραλία Βουτούμι)', 'Φύση', 'Παξοί', 15.00, 'Βαρκάδα σε μια παραλία με καταπράσινα νερά και λευκή άμμο που θυμίζει Καραϊβική.', 'παραλία, θάλασσα, σκάφος, εξωτικό, ιόνιο', 'https://i.ibb.co/fdhBWFpG/960px.jpg', 0, '2026-06-05 00:31:36', 1, NULL, 'chill', NULL),
(124, 'Εξερεύνηση στο Βαθύ & το Σπήλαιο των Νυμφών', 'Φύση', 'Ιθάκη', 0.00, 'Περπατήστε στην πατρίδα του Οδυσσέα, στο γραφικό λιμάνι και ανακαλύψτε τους μύθους του νησιού.', 'ιστορία, μύθοι, νησί, βόλτα, ιόνιο, δωρεάν', 'https://i.ibb.co/qYDNMmMN/960px-Ithaki-Vathy.jpg', 0, '2026-06-05 00:31:36', 1, NULL, 'moderate', NULL),
(125, 'Βόλτα στη Λίμνη Βουλισμένη', 'Φύση', 'Άγιος Νικόλαος', 0.00, 'Περίπατος γύρω από τη θρυλική κόκκινη λίμνη που συνδέεται με τη θάλασσα, στο κέντρο της πόλης.', 'λίμνη, θέα, καφές, κρήτη, λασίθι, δωρεάν', 'https://i.ibb.co/vCpwh13t/960px-2517.jpg', 0, '2026-06-05 00:31:36', 1, NULL, 'chill', NULL),
(126, 'Μπάνιο στην Κοσμοπολίτικη Παραλία Μυλοπότας', 'Φύση', 'Ίος', 0.00, 'Μια από τις πιο διάσημες παραλίες των Κυκλάδων με χρυσή άμμο, beach bars και θαλάσσια σπορ.', 'παραλία, θάλασσα, διασκέδαση, πάρτυ, κυκλάδες', 'https://i.ibb.co/5XDXzK9B/960px-RK-2309-1990678-Ios-Milopotas-Strand.jpg', 0, '2026-06-05 00:31:36', 1, NULL, 'chill', NULL),
(127, 'Προσκύνημα στην Παναγία της Τήνου & Βόλτα στα Χωριά', 'Πολιτισμός', 'Τήνος', 0.00, 'Επίσκεψη στον εμβληματικό ναό και εξερεύνηση στα μαρμαροχώρια (Πύργος) του νησιού.', 'θρησκεία, παράδοση, μάρμαρο, κυκλάδες, δωρεάν', 'https://i.ibb.co/QjxwNnJQ/960px.jpg', 0, '2026-06-05 00:31:36', 1, NULL, 'moderate', NULL),
(128, 'Πεζοπορία στα Πιστοποιημένα Μονοπάτια', 'Φύση', 'Άνδρος', 0.00, 'Διασχίστε τα καταπράσινα μονοπάτια του νησιού με τις πέτρινες ξερολιθιές και τα τρεχούμενα νερά.', 'πεζοπορία, φύση, βουνό, κυκλάδες, άσκηση', 'https://i.ibb.co/Y4bPZG4n/960px-Chapel-and-torso-of-windmill-Andros-090856.jpg', 0, '2026-06-05 00:31:36', 1, NULL, 'moderate', NULL),
(129, 'Επίσκεψη στις Μονές Αμμοθίνες (Παχιά Άμμος)', 'Φύση', 'Λήμνος', 0.00, 'Μια πραγματική \"έρημος\" στην καρδιά του Αιγαίου. Ένα μοναδικό και εντυπωσιακό γεωλογικό τοπίο.', 'φύση, έρημος, τοπίο, φωτογραφία, βόρειο αιγαίο', '\nhttps://i.ibb.co/TqDY6w0n/960px.jpg', 0, '2026-06-05 00:31:36', 1, NULL, 'moderate', NULL),
(130, 'Κολύμπι στην Παγκοσμίου Φήμης Παραλία Κουκουναριές', 'Φύση', 'Σκιάθος', 0.00, 'Μια χρυσή αμμουδιά που περιβάλλεται από ένα πανέμορφο, πυκνό πευκοδάσος.', 'παραλία, θάλασσα, δάσος, σποράδες, καλοκαίρι', 'https://i.ibb.co/5wKrsmr/960px-Aerial-view-of-Koukounaries-Skiathos-Greece-51696594130.jpg', 0, '2026-06-05 00:31:36', 1, NULL, 'chill', NULL),
(131, 'Επίσκεψη στο Εκκλησάκι του Αϊ Γιάννη (Mamma Mia)', 'Πολιτισμός', 'Σκόπελος', 0.00, 'Ανεβείτε τα σκαλιά στον βράχο όπου γυρίστηκε η διάσημη ταινία, με θέα που κόβει την ανάσα.', 'θέα, θάλασσα, ταινία, φωτογραφία, σποράδες', 'https://i.ibb.co/yFGdrBP2/960px-1008-Chapel-of-Agios-Ioannis-in-Skopelos-Photo-by-Giles-Laurent.jpg', 0, '2026-06-05 00:31:36', 1, NULL, 'moderate', NULL);

-- --------------------------------------------------------

--
-- Δομή πίνακα για τον πίνακα `favourites`
--

CREATE TABLE `favourites` (
  `id` int(11) NOT NULL,
  `user_id` int(11) NOT NULL,
  `activity_id` int(11) NOT NULL,
  `created_at` timestamp NOT NULL DEFAULT current_timestamp()
) ENGINE=InnoDB DEFAULT CHARSET=utf8mb4 COLLATE=utf8mb4_general_ci;

--
-- Άδειασμα δεδομένων του πίνακα `favourites`
--

INSERT INTO `favourites` (`id`, `user_id`, `activity_id`, `created_at`) VALUES
(2, 1, 7, '2026-01-02 14:41:47'),
(3, 1, 18, '2026-01-02 15:02:20'),
(4, 1, 15, '2026-01-02 15:04:25'),
(5, 1, 14, '2026-01-02 15:04:26'),
(6, 1, 13, '2026-01-02 15:04:27'),
(9, 2, 40, '2026-01-02 18:42:02'),
(10, 2, 1, '2026-01-02 19:10:35'),
(11, 1, 12, '2026-01-03 12:10:20'),
(13, 1, 9, '2026-01-04 15:57:26'),
(14, 1, 44, '2026-01-04 15:58:58'),
(15, 1, 11, '2026-01-04 16:03:42'),
(17, 1, 10, '2026-01-05 13:52:51'),
(23, 3, 12, '2026-01-08 15:38:03'),
(26, 3, 18, '2026-03-05 20:03:24'),
(30, 3, 30, '2026-05-17 15:41:20'),
(31, 3, 23, '2026-05-17 17:42:13'),
(32, 3, 40, '2026-05-18 17:09:44'),
(35, 3, 58, '2026-05-22 21:33:28'),
(36, 1, 8, '2026-05-23 11:44:46'),
(37, 3, 9, '2026-05-23 21:54:24'),
(40, 1, 1, '2026-05-25 22:26:54'),
(41, 3, 2, '2026-05-30 14:51:34'),
(42, 3, 3, '2026-05-30 15:38:58'),
(45, 5, 12, '2026-06-01 20:34:10'),
(46, 4, 7, '2026-06-03 15:24:20');

-- --------------------------------------------------------

--
-- Δομή πίνακα για τον πίνακα `group_sessions`
--

CREATE TABLE `group_sessions` (
  `session_id` varchar(10) NOT NULL,
  `host_id` int(11) NOT NULL,
  `created_at` timestamp NOT NULL DEFAULT current_timestamp(),
  `is_public` tinyint(1) DEFAULT 0,
  `name` varchar(255) DEFAULT 'Pyxis Group',
  `type` varchar(100) DEFAULT 'Διασκέδαση',
  `location` varchar(255) DEFAULT 'Αθήνα'
) ENGINE=InnoDB DEFAULT CHARSET=utf8mb4 COLLATE=utf8mb4_general_ci;

--
-- Άδειασμα δεδομένων του πίνακα `group_sessions`
--

INSERT INTO `group_sessions` (`session_id`, `host_id`, `created_at`, `is_public`, `name`, `type`, `location`) VALUES
('0J173O', 1, '2026-03-04 21:18:50', 0, 'Pyxis Group', 'Διασκέδαση', 'Αθήνα'),
('1850QE', 4, '2026-06-02 17:10:28', 0, 'πιν', 'Καφέ / Χαλαρά', 'αθηνα'),
('2BES89', 4, '2026-06-02 17:20:58', 0, 'ν', 'Διασκέδαση', 'Γλυφάδα'),
('44KOCC', 4, '2026-06-02 17:11:18', 0, 'nightout', 'Φύση / Δραστηριότητα', 'Αθηνα'),
('5LWS8A', 4, '2026-06-02 16:13:33', 0, 'Espressaki', 'Καφέ / Χαλαρά', 'Αμοργος'),
('8HK53P', 4, '2026-06-02 17:31:58', 0, 'Night', 'Διασκέδαση', 'Θεσσαλονίκη'),
('AHN58J', 3, '2026-05-29 13:59:06', 0, 'Καφε', 'Διασκέδαση', 'αθηνα'),
('CLL91M', 3, '2026-05-29 09:15:18', 1, 'Espresso martini', 'Night Out', 'Ζωγραφου'),
('EX9MBK', 4, '2026-06-02 16:47:41', 0, 'ναι', 'Καφέ / Χαλαρά', 'αθηνα'),
('GM29JY', 4, '2026-06-02 16:48:05', 0, 'ναι', 'Διασκέδαση', 'θεσσαλονικη'),
('J7J24C', 4, '2026-06-01 12:46:25', 0, 'New', 'Διασκέδαση', 'Athens'),
('JFELGR', 4, '2026-06-02 17:13:24', 0, 'Πολιτισμός', 'Φύση / Δραστηριότητα', 'Αθήνα'),
('KVKTJ1', 3, '2026-05-29 15:22:17', 0, 'new', 'Διασκέδαση', 'athens'),
('MT8US9', 4, '2026-06-02 16:42:21', 0, 'Espresso', 'Καφέ / Χαλαρά', 'Καλαματα'),
('O4UY65', 4, '2026-06-02 12:01:01', 0, 'girls nightout', 'Διασκέδαση', 'Καλαματα'),
('RHY7XV', 4, '2026-06-02 16:55:10', 0, 'Καφε', 'Φύση / Δραστηριότητα', 'Θεσσαλονίκη'),
('XCXKQ5', 4, '2026-06-01 21:45:33', 0, 'v', 'Διασκέδαση', 'v'),
('Y45A9O', 3, '2026-05-30 11:29:04', 0, 'Ραντεβού', 'Διασκέδαση', 'Καλαμάτα'),
('ZAHCQ5', 4, '2026-06-03 16:29:33', 0, 'νες', 'Διασκέδαση', 'αθηνα');

-- --------------------------------------------------------

--
-- Δομή πίνακα για τον πίνακα `group_votes`
--

CREATE TABLE `group_votes` (
  `session_id` varchar(10) NOT NULL,
  `activity_id` int(11) NOT NULL,
  `user_id` int(11) NOT NULL,
  `vote_type` enum('like','dislike') DEFAULT NULL
) ENGINE=InnoDB DEFAULT CHARSET=utf8mb4 COLLATE=utf8mb4_general_ci;

--
-- Άδειασμα δεδομένων του πίνακα `group_votes`
--

INSERT INTO `group_votes` (`session_id`, `activity_id`, `user_id`, `vote_type`) VALUES
('8HK53P', 48, 4, 'dislike'),
('8HK53P', 48, 5, 'like'),
('8HK53P', 48, 6, 'like'),
('EX9MBK', 1, 4, 'dislike'),
('EX9MBK', 2, 4, 'dislike'),
('EX9MBK', 3, 4, 'dislike'),
('EX9MBK', 4, 4, 'dislike'),
('EX9MBK', 5, 4, 'dislike'),
('T0A1KV', 16, 3, 'like'),
('T0A1KV', 17, 3, 'dislike'),
('T0A1KV', 18, 3, 'like'),
('T0A1KV', 19, 3, 'dislike'),
('T0A1KV', 20, 3, 'like'),
('T0A1KV', 21, 3, 'like'),
('T0A1KV', 22, 3, 'dislike'),
('T0A1KV', 23, 3, 'dislike'),
('T0A1KV', 24, 3, 'like'),
('T0A1KV', 25, 3, 'dislike'),
('T0A1KV', 26, 3, 'dislike'),
('T0A1KV', 27, 3, 'dislike'),
('T0A1KV', 28, 3, 'like'),
('T0A1KV', 29, 3, 'dislike'),
('T0A1KV', 30, 3, 'like'),
('T0A1KV', 31, 3, 'dislike'),
('T0A1KV', 32, 3, 'like'),
('T0A1KV', 33, 3, 'dislike'),
('T0A1KV', 34, 3, 'like'),
('T0A1KV', 35, 3, 'dislike'),
('T0A1KV', 36, 3, 'like'),
('T0A1KV', 37, 3, 'dislike'),
('T0A1KV', 38, 3, 'like'),
('T0A1KV', 39, 3, 'dislike'),
('T0A1KV', 40, 3, 'like'),
('T0A1KV', 41, 3, 'dislike'),
('T0A1KV', 42, 3, 'like'),
('T0A1KV', 43, 3, 'dislike'),
('T0A1KV', 44, 3, 'like'),
('T0A1KV', 45, 3, 'dislike'),
('T0A1KV', 46, 3, 'like'),
('T0A1KV', 47, 3, 'dislike'),
('T0A1KV', 48, 3, 'like'),
('T0A1KV', 49, 3, 'dislike'),
('T0A1KV', 50, 3, 'like'),
('T0A1KV', 51, 3, 'like'),
('T0A1KV', 52, 3, 'dislike'),
('T0A1KV', 53, 3, 'like'),
('T0A1KV', 54, 3, 'dislike'),
('T0A1KV', 55, 3, 'like'),
('T0A1KV', 56, 3, 'dislike'),
('TE5E8Q', 1, 1, 'like'),
('TE5E8Q', 1, 3, 'like'),
('TT17L4', 1, 3, 'like'),
('WA1NYK', 1, 1, 'like'),
('WA1NYK', 1, 3, 'like'),
('WA1NYK', 2, 1, 'like'),
('WA1NYK', 2, 3, 'like'),
('WA1NYK', 3, 1, 'like'),
('WA1NYK', 3, 3, 'like'),
('WA1NYK', 4, 1, 'like'),
('WA1NYK', 4, 3, 'like'),
('WA1NYK', 5, 1, 'like'),
('WA1NYK', 6, 1, 'like'),
('XCXKQ5', 1, 4, 'dislike'),
('XCXKQ5', 1, 5, 'like'),
('XCXKQ5', 2, 4, 'like'),
('XCXKQ5', 2, 5, 'like'),
('XCXKQ5', 4, 4, 'dislike'),
('XCXKQ5', 4, 5, 'dislike'),
('XCXKQ5', 5, 4, 'like'),
('XCXKQ5', 6, 4, 'like'),
('XCXKQ5', 6, 5, 'dislike'),
('XCXKQ5', 7, 5, 'dislike'),
('XCXKQ5', 8, 4, 'like'),
('XCXKQ5', 8, 5, 'dislike'),
('XCXKQ5', 9, 5, 'dislike'),
('XCXKQ5', 10, 4, 'like'),
('XCXKQ5', 10, 5, 'dislike'),
('XCXKQ5', 11, 5, 'dislike'),
('XCXKQ5', 12, 4, 'dislike'),
('XCXKQ5', 13, 4, 'like'),
('XCXKQ5', 14, 5, 'dislike'),
('XCXKQ5', 15, 4, 'like'),
('XCXKQ5', 15, 5, 'dislike'),
('XCXKQ5', 16, 4, 'dislike'),
('XCXKQ5', 16, 5, 'like'),
('XCXKQ5', 17, 4, 'dislike'),
('XCXKQ5', 18, 5, 'like'),
('XCXKQ5', 19, 4, 'dislike'),
('XCXKQ5', 19, 5, 'like'),
('XCXKQ5', 20, 5, 'dislike'),
('XCXKQ5', 21, 4, 'dislike'),
('XCXKQ5', 21, 5, 'like'),
('XCXKQ5', 22, 5, 'like'),
('XCXKQ5', 23, 4, 'dislike'),
('XCXKQ5', 23, 5, 'dislike'),
('XCXKQ5', 25, 4, 'dislike'),
('XCXKQ5', 26, 5, 'like'),
('XCXKQ5', 27, 4, 'dislike'),
('XCXKQ5', 27, 5, 'like'),
('XCXKQ5', 28, 5, 'like'),
('XCXKQ5', 29, 4, 'dislike'),
('XCXKQ5', 30, 4, 'like'),
('XCXKQ5', 30, 5, 'like'),
('XCXKQ5', 31, 4, 'dislike'),
('XCXKQ5', 31, 5, 'like'),
('XCXKQ5', 32, 4, 'like'),
('XCXKQ5', 33, 4, 'like'),
('XCXKQ5', 33, 5, 'like'),
('XCXKQ5', 35, 4, 'dislike'),
('XCXKQ5', 35, 5, 'dislike'),
('XCXKQ5', 36, 4, 'like'),
('XCXKQ5', 36, 5, 'dislike'),
('XCXKQ5', 37, 4, 'dislike'),
('XCXKQ5', 37, 5, 'dislike'),
('XCXKQ5', 38, 4, 'like'),
('XCXKQ5', 38, 5, 'dislike'),
('XCXKQ5', 39, 4, 'dislike'),
('XCXKQ5', 39, 5, 'dislike'),
('XCXKQ5', 40, 4, 'like'),
('XCXKQ5', 40, 5, 'dislike'),
('XCXKQ5', 41, 4, 'like'),
('XCXKQ5', 41, 5, 'dislike'),
('XCXKQ5', 42, 5, 'dislike'),
('XCXKQ5', 43, 4, 'dislike'),
('XCXKQ5', 43, 5, 'dislike'),
('XCXKQ5', 44, 4, 'like'),
('XCXKQ5', 44, 5, 'dislike'),
('XCXKQ5', 45, 4, 'like'),
('XCXKQ5', 45, 5, 'dislike'),
('XCXKQ5', 46, 5, 'dislike'),
('XCXKQ5', 47, 4, 'dislike'),
('XCXKQ5', 47, 5, 'dislike'),
('XCXKQ5', 48, 4, 'like'),
('XCXKQ5', 48, 5, 'dislike'),
('XCXKQ5', 49, 4, 'dislike'),
('XCXKQ5', 49, 5, 'dislike'),
('XCXKQ5', 50, 4, 'like'),
('XCXKQ5', 50, 5, 'dislike'),
('XCXKQ5', 51, 4, 'dislike'),
('XCXKQ5', 51, 5, 'dislike'),
('XCXKQ5', 52, 4, 'like'),
('XCXKQ5', 52, 5, 'dislike'),
('XCXKQ5', 53, 4, 'dislike'),
('XCXKQ5', 53, 5, 'dislike'),
('XCXKQ5', 54, 4, 'like'),
('XCXKQ5', 54, 5, 'dislike'),
('XCXKQ5', 55, 4, 'like'),
('XCXKQ5', 56, 4, 'dislike'),
('XCXKQ5', 57, 5, 'like'),
('XCXKQ5', 58, 4, 'like'),
('XCXKQ5', 59, 4, 'dislike'),
('XCXKQ5', 59, 5, 'like'),
('XCXKQ5', 60, 4, 'like'),
('XCXKQ5', 61, 4, 'dislike'),
('XCXKQ5', 62, 4, 'like'),
('XCXKQ5', 63, 4, 'dislike'),
('XCXKQ5', 64, 4, 'like'),
('XCXKQ5', 64, 5, 'like'),
('XCXKQ5', 65, 4, 'dislike'),
('XCXKQ5', 65, 5, 'like'),
('XCXKQ5', 66, 4, 'like'),
('XCXKQ5', 66, 5, 'like'),
('XCXKQ5', 67, 4, 'dislike'),
('XCXKQ5', 67, 5, 'like'),
('XCXKQ5', 68, 4, 'like'),
('XCXKQ5', 68, 5, 'dislike'),
('XCXKQ5', 69, 4, 'dislike'),
('XCXKQ5', 69, 5, 'dislike'),
('XCXKQ5', 70, 4, 'like'),
('XCXKQ5', 70, 5, 'dislike'),
('XCXKQ5', 71, 4, 'dislike'),
('XCXKQ5', 71, 5, 'dislike'),
('XCXKQ5', 72, 4, 'like'),
('XCXKQ5', 72, 5, 'dislike'),
('XCXKQ5', 73, 4, 'like'),
('XCXKQ5', 73, 5, 'dislike'),
('XCXKQ5', 74, 5, 'dislike'),
('XCXKQ5', 75, 4, 'dislike'),
('XCXKQ5', 75, 5, 'dislike'),
('XCXKQ5', 76, 4, 'like'),
('XCXKQ5', 76, 5, 'dislike'),
('XCXKQ5', 77, 4, 'like'),
('XCXKQ5', 77, 5, 'dislike'),
('XCXKQ5', 78, 5, 'dislike'),
('Y45A9O', 1, 3, 'like'),
('Y45A9O', 2, 3, 'dislike'),
('Y45A9O', 3, 3, 'dislike'),
('Y45A9O', 4, 3, 'like'),
('Y45A9O', 5, 3, 'like'),
('Y45A9O', 6, 3, 'dislike'),
('Y45A9O', 7, 3, 'dislike'),
('ZAHCQ5', 7, 4, 'like'),
('ZAHCQ5', 8, 4, 'like'),
('ZAHCQ5', 9, 4, 'dislike'),
('ZHL93W', 1, 1, 'like'),
('ZHL93W', 1, 3, 'like'),
('ZHL93W', 2, 1, 'like'),
('ZHL93W', 2, 3, 'like'),
('ZHL93W', 3, 1, 'like'),
('ZHL93W', 3, 3, 'like'),
('ZHL93W', 4, 1, 'like'),
('ZHL93W', 4, 3, 'like'),
('ZHL93W', 5, 1, 'like'),
('ZHL93W', 5, 3, 'like'),
('ZHL93W', 6, 1, 'like'),
('ZHL93W', 6, 3, 'dislike'),
('ZHL93W', 7, 1, 'like'),
('ZHL93W', 7, 3, 'dislike'),
('ZHL93W', 8, 1, 'like'),
('ZHL93W', 8, 3, 'dislike'),
('ZHL93W', 9, 1, 'like'),
('ZHL93W', 9, 3, 'dislike'),
('ZHL93W', 10, 1, 'like'),
('ZHL93W', 10, 3, 'dislike'),
('ZHL93W', 11, 1, 'like'),
('ZHL93W', 11, 3, 'dislike'),
('ZHL93W', 12, 1, 'like'),
('ZHL93W', 12, 3, 'like'),
('ZHL93W', 13, 1, 'like'),
('ZHL93W', 13, 3, 'like'),
('ZHL93W', 14, 1, 'dislike'),
('ZHL93W', 14, 3, 'like'),
('ZHL93W', 15, 1, 'dislike'),
('ZHL93W', 15, 3, 'like'),
('ZHL93W', 16, 1, 'dislike'),
('ZHL93W', 16, 3, 'like'),
('ZHL93W', 17, 1, 'dislike'),
('ZHL93W', 17, 3, 'like'),
('ZHL93W', 18, 1, 'dislike'),
('ZHL93W', 18, 3, 'dislike'),
('ZHL93W', 19, 1, 'dislike'),
('ZHL93W', 19, 3, 'dislike'),
('ZHL93W', 20, 1, 'dislike'),
('ZHL93W', 20, 3, 'dislike'),
('ZHL93W', 21, 1, 'like'),
('ZHL93W', 21, 3, 'dislike'),
('ZHL93W', 22, 1, 'like'),
('ZHL93W', 22, 3, 'dislike'),
('ZHL93W', 23, 1, 'like'),
('ZHL93W', 23, 3, 'dislike'),
('ZHL93W', 24, 1, 'like'),
('ZHL93W', 24, 3, 'dislike'),
('ZHL93W', 25, 1, 'like'),
('ZHL93W', 25, 3, 'dislike'),
('ZHL93W', 26, 1, 'like'),
('ZHL93W', 26, 3, 'dislike'),
('ZHL93W', 27, 1, 'like'),
('ZHL93W', 27, 3, 'like'),
('ZHL93W', 28, 1, 'like'),
('ZHL93W', 28, 3, 'like'),
('ZHL93W', 29, 1, 'like'),
('ZHL93W', 29, 3, 'like'),
('ZHL93W', 30, 1, 'like'),
('ZHL93W', 30, 3, 'like'),
('ZHL93W', 31, 1, 'dislike'),
('ZHL93W', 31, 3, 'like'),
('ZHL93W', 32, 1, 'dislike'),
('ZHL93W', 32, 3, 'like'),
('ZHL93W', 33, 1, 'dislike'),
('ZHL93W', 33, 3, 'like'),
('ZHL93W', 34, 1, 'dislike'),
('ZHL93W', 34, 3, 'dislike'),
('ZHL93W', 35, 1, 'dislike'),
('ZHL93W', 35, 3, 'dislike');

-- --------------------------------------------------------

--
-- Δομή πίνακα για τον πίνακα `lobby_messages`
--

CREATE TABLE `lobby_messages` (
  `id` int(11) NOT NULL,
  `activity_id` varchar(50) DEFAULT NULL,
  `user_id` int(11) NOT NULL,
  `user_name` varchar(255) NOT NULL,
  `message_text` text NOT NULL,
  `created_at` timestamp NOT NULL DEFAULT current_timestamp()
) ENGINE=InnoDB DEFAULT CHARSET=utf8mb4 COLLATE=utf8mb4_general_ci;

-- --------------------------------------------------------

--
-- Δομή πίνακα για τον πίνακα `reviews`
--

CREATE TABLE `reviews` (
  `id` int(11) NOT NULL,
  `user_id` int(11) DEFAULT NULL,
  `activity_id` int(11) DEFAULT NULL,
  `rating` int(11) DEFAULT NULL CHECK (`rating` between 1 and 5),
  `comment` text DEFAULT NULL,
  `created_at` timestamp NOT NULL DEFAULT current_timestamp()
) ENGINE=InnoDB DEFAULT CHARSET=utf8mb4 COLLATE=utf8mb4_general_ci;

-- --------------------------------------------------------

--
-- Δομή πίνακα για τον πίνακα `users`
--

CREATE TABLE `users` (
  `id` int(11) NOT NULL,
  `username` varchar(100) DEFAULT NULL,
  `email` varchar(100) DEFAULT NULL,
  `password` varchar(255) DEFAULT NULL,
  `location` varchar(100) DEFAULT NULL,
  `budget` decimal(10,2) DEFAULT NULL,
  `interests` text DEFAULT NULL,
  `created_at` timestamp NOT NULL DEFAULT current_timestamp()
) ENGINE=InnoDB DEFAULT CHARSET=utf8mb4 COLLATE=utf8mb4_general_ci;

--
-- Άδειασμα δεδομένων του πίνακα `users`
--

INSERT INTO `users` (`id`, `username`, `email`, `password`, `location`, `budget`, `interests`, `created_at`) VALUES
(1, 'testuser', 'test@test.com', '123456', 'Αθήνα', 30.00, 'πεζοπορία, φύση, escape room, επιτραπέζια παιχνίδια', '2025-12-16 15:30:31'),
(2, 'finaluser', 'finaluser@example.com', '$2b$10$bIR6osQSdGYwthrmJdZ.2.YERPGda43BSg2wjthRqllExmwlREgKa', NULL, NULL, NULL, '2026-01-02 18:07:30'),
(3, 'valia', 'valia@example.com', '123456', 'Θεσσαλονίκη', 25.00, 'περπάτημα, φύση, μουσεία, επιτραπέζια', '2026-01-05 14:36:58'),
(4, 'Valia', 'valiaa@example.com', '$2b$10$Donxwo7lGmhOQlg1h4wgku35gO7VunYHc1Uc82FFDIreuS7g6jr9a', 'Πάτρα', 20.00, 'Φαγητό, θερινό , θάλασσα', '2026-06-01 12:08:08'),
(5, 'Ilias', 'ilias@example.com', '$2b$10$coK3z9htKb8K1iApoTt4m.Iw7KnKlEsxbRTDcu.Og4MY0Fa4c4MXa', NULL, NULL, NULL, '2026-06-01 15:34:57'),
(6, 'TzeniP', 'tzenip@example.com', '$2b$10$dLyk.gcBlBAI7rlQPWty0etUmEuiy..9MCEqdyGXVmFqR2vPrwOR6', NULL, NULL, NULL, '2026-06-02 19:33:48');

-- --------------------------------------------------------

--
-- Δομή πίνακα για τον πίνακα `user_history`
--

CREATE TABLE `user_history` (
  `id` int(11) NOT NULL,
  `user_id` int(11) DEFAULT NULL,
  `activity_id` int(11) DEFAULT NULL,
  `event` varchar(50) DEFAULT NULL,
  `event_time` timestamp NOT NULL DEFAULT current_timestamp()
) ENGINE=InnoDB DEFAULT CHARSET=utf8mb4 COLLATE=utf8mb4_general_ci;

--
-- Ευρετήρια για άχρηστους πίνακες
--

--
-- Ευρετήρια για πίνακα `activities`
--
ALTER TABLE `activities`
  ADD PRIMARY KEY (`id`);

--
-- Ευρετήρια για πίνακα `favourites`
--
ALTER TABLE `favourites`
  ADD PRIMARY KEY (`id`),
  ADD UNIQUE KEY `user_id` (`user_id`,`activity_id`),
  ADD KEY `activity_id` (`activity_id`);

--
-- Ευρετήρια για πίνακα `group_sessions`
--
ALTER TABLE `group_sessions`
  ADD PRIMARY KEY (`session_id`),
  ADD KEY `host_id` (`host_id`);

--
-- Ευρετήρια για πίνακα `group_votes`
--
ALTER TABLE `group_votes`
  ADD PRIMARY KEY (`session_id`,`activity_id`,`user_id`);

--
-- Ευρετήρια για πίνακα `lobby_messages`
--
ALTER TABLE `lobby_messages`
  ADD PRIMARY KEY (`id`),
  ADD KEY `activity_id` (`activity_id`);

--
-- Ευρετήρια για πίνακα `reviews`
--
ALTER TABLE `reviews`
  ADD PRIMARY KEY (`id`);

--
-- Ευρετήρια για πίνακα `users`
--
ALTER TABLE `users`
  ADD PRIMARY KEY (`id`);

--
-- Ευρετήρια για πίνακα `user_history`
--
ALTER TABLE `user_history`
  ADD PRIMARY KEY (`id`);

--
-- AUTO_INCREMENT για άχρηστους πίνακες
--

--
-- AUTO_INCREMENT για πίνακα `activities`
--
ALTER TABLE `activities`
  MODIFY `id` int(11) NOT NULL AUTO_INCREMENT, AUTO_INCREMENT=132;

--
-- AUTO_INCREMENT για πίνακα `favourites`
--
ALTER TABLE `favourites`
  MODIFY `id` int(11) NOT NULL AUTO_INCREMENT, AUTO_INCREMENT=47;

--
-- AUTO_INCREMENT για πίνακα `lobby_messages`
--
ALTER TABLE `lobby_messages`
  MODIFY `id` int(11) NOT NULL AUTO_INCREMENT;

--
-- AUTO_INCREMENT για πίνακα `reviews`
--
ALTER TABLE `reviews`
  MODIFY `id` int(11) NOT NULL AUTO_INCREMENT;

--
-- AUTO_INCREMENT για πίνακα `users`
--
ALTER TABLE `users`
  MODIFY `id` int(11) NOT NULL AUTO_INCREMENT, AUTO_INCREMENT=7;

--
-- AUTO_INCREMENT για πίνακα `user_history`
--
ALTER TABLE `user_history`
  MODIFY `id` int(11) NOT NULL AUTO_INCREMENT;

--
-- Περιορισμοί για άχρηστους πίνακες
--

--
-- Περιορισμοί για πίνακα `favourites`
--
ALTER TABLE `favourites`
  ADD CONSTRAINT `favourites_ibfk_1` FOREIGN KEY (`user_id`) REFERENCES `users` (`id`) ON DELETE CASCADE,
  ADD CONSTRAINT `favourites_ibfk_2` FOREIGN KEY (`activity_id`) REFERENCES `activities` (`id`) ON DELETE CASCADE;

--
-- Περιορισμοί για πίνακα `group_sessions`
--
ALTER TABLE `group_sessions`
  ADD CONSTRAINT `group_sessions_ibfk_1` FOREIGN KEY (`host_id`) REFERENCES `users` (`id`) ON DELETE CASCADE;
COMMIT;

/*!40101 SET CHARACTER_SET_CLIENT=@OLD_CHARACTER_SET_CLIENT */;
/*!40101 SET CHARACTER_SET_RESULTS=@OLD_CHARACTER_SET_RESULTS */;
/*!40101 SET COLLATION_CONNECTION=@OLD_COLLATION_CONNECTION */;
